<application>
  <component name="CodotaSettings">
    <option name="methodCompletionsPercentageSet" value="true" />
    <option name="id" value="41397bff-cadd-40f3-8603-91e60af1df58" />
    <option name="wasRunBefore" value="true" />
    <option name="firstRun" value="1607307009038" />
    <option name="generation" value="128" />
    <option name="updateGeneration" value="1" />
    <option name="isInJSBeta" value="YES" />
    <option name="isMethodCompletionsPercentageActive" value="true" />
    <option name="isMethodCompletionsPercentageSet" value="true" />
    <option name="featureFlags">
      <map>
        <entry key="deep-completions" value="true" />
      </map>
    </option>
    <option name="testedFeatureFlags">
      <set>
        <option value="deep-completions" />
      </set>
    </option>
    <option name="everTurnedOnFeatureFlags">
      <set>
        <option value="deep-completions" />
      </set>
    </option>
    <option name="completeIndexingProjects">
      <map>
        <entry key="a4e3e854" value="1" />
      </map>
    </option>
    <option name="usedLanguages">
      <set>
        <option value="java" />
        <option value="javascript" />
        <option value="kotlin" />
      </set>
    </option>
  </component>
</application>