<application>
  <component name="FileTypeManager" version="18">
    <ignoreFiles list="*.iml;*.pyc;*.pyo;*.rbc;*.yarb;*~;.DS_Store;.git;.hg;.svn;CVS;__pycache__;_svn;vssver.scc;vssver2.scc;" />
    <extensionMap>
      <mapping ext="klib" type="ARCHIVE" />
      <mapping pattern="LOG_FILE_IS_UNDEFINED" type="AUTO_DETECTED" />
      <mapping pattern="LICENSE" type="AUTO_DETECTED" />
      <mapping ext="gradle.kts" type="Kotlin" />
      <mapping ext="main.kts" type="Kotlin" />
      <mapping ext="setting" type="PLAIN_TEXT" />
      <mapping ext="db" type="PLAIN_TEXT" />
      <removed_mapping ext="apk" approved="true" type="ARCHIVE" />
      <removed_mapping ext="ignore" approved="true" type="IgnoreLang file" />
      <removed_mapping ext="psd" approved="true" type="Image" />
    </extensionMap>
  </component>
</application>